Date,Amount,Description
2023-11-05T03:15:22,304.24,The slim & simple Maple Gaming Keyboard from Dev Byte comes with a sleek body and 7- Color RGB LED Back-lighting for smart functionality
2023-08-29T21:17:13,189.78,The slim & simple Maple Gaming Keyboard from Dev Byte comes with a sleek body and 7- Color RGB LED Back-lighting for smart functionality
2024-01-24T02:58:53,234.96,Andy shoes are designed to keeping in mind durability as well as trends
2024-07-28T12:31:37,361.93,The beautiful range of Apple Naturalé that has an exciting mix of natural ingredients. With the Goodness of 100% Natural Ingredients
2024-01-16T16:20:39,481.78,The Football Is Good For Training And Recreational Purposes
2024-05-02T15:21:12,638.12,The Football Is Good For Training And Recreational Purposes
2023-12-27T17:29:58,725.51,Boston's most advanced compression wear technology increases muscle oxygenation
2024-01-07T16:17:01,157.48,Carbonite web goalkeeper gloves are ergonomically designed to give easy fit
2023-09-28T10:28:23,117.57,Carbonite web goalkeeper gloves are ergonomically designed to give easy fit
2024-02-17T20:19:55,431.34,Andy shoes are designed to keeping in mind durability as well as trends
2024-05-03T16:22:21,336.6,The automobile layout consists of a front-engine design
2023-10-23T22:52:43,193.2,Ergonomic executive chair upholstered in bonded black leather and PVC padded seat and back for all-day comfort and support
2024-05-03T04:09:08,648.73,The Nagasaki Lander is the trademarked name of several series of Nagasaki sport bikes
2024-07-19T15:33:55,982.91,The slim & simple Maple Gaming Keyboard from Dev Byte comes with a sleek body and 7- Color RGB LED Back-lighting for smart functionality
2024-03-30T14:42:13,680.9,The slim & simple Maple Gaming Keyboard from Dev Byte comes with a sleek body and 7- Color RGB LED Back-lighting for smart functionality
2024-01-01T12:06:53,789.93,The automobile layout consists of a front-engine design
2023-11-01T10:10:04,55.06,The Football Is Good For Training And Recreational Purposes
2024-03-13T09:26:23,153.03,The Apollotech B340 is an affordable wireless mouse with reliable connectivity
2024-07-15T02:44:54,148.59,The Nagasaki Lander is the trademarked name of several series of Nagasaki sport bikes
2024-07-03T00:25:15,50.9,Boston's most advanced compression wear technology increases muscle oxygenation
2024-04-04T14:35:46,371.46,Boston's most advanced compression wear technology increases muscle oxygenation
2024-01-11T17:51:57,64.33,Ergonomic executive chair upholstered in bonded black leather and PVC padded seat and back for all-day comfort and support
2023-11-07T18:49:57,872.33,The Apollotech B340 is an affordable wireless mouse with reliable connectivity
2024-03-02T08:59:42,684.35,The Football Is Good For Training And Recreational Purposes
2024-07-21T05:34:56,833.62,The Football Is Good For Training And Recreational Purposes
2024-05-16T20:44:02,658.92,The Football Is Good For Training And Recreational Purposes
2024-04-02T20:03:34,127.22,The automobile layout consists of a front-engine design
2023-09-11T08:30:21,230.92,The automobile layout consists of a front-engine design
2024-08-05T01:03:05,165.32,The Apollotech B340 is an affordable wireless mouse with reliable connectivity
2024-07-30T23:48:30,8.25,The Football Is Good For Training And Recreational Purposes
2024-03-03T04:29:33,455.78,The automobile layout consists of a front-engine design
2024-02-12T18:11:28,109.52,The Football Is Good For Training And Recreational Purposes
2024-07-21T23:13:41,702.93,The slim & simple Maple Gaming Keyboard from Dev Byte comes with a sleek body and 7- Color RGB LED Back-lighting for smart functionality
2024-03-18T16:16:03,749.09,The automobile layout consists of a front-engine design
2023-11-23T14:16:14,971.77,Ergonomic executive chair upholstered in bonded black leather and PVC padded seat and back for all-day comfort and support
2024-04-12T16:10:28,76.54,New ABC 13 9370
2024-04-15T09:19:03,438.14,The Football Is Good For Training And Recreational Purposes
2023-11-24T13:17:56,877,New range of formal shirts are designed keeping you in mind. With fits and styling that will make you stand apart
2024-04-22T06:44:14,760.39,The Nagasaki Lander is the trademarked name of several series of Nagasaki sport bikes
2024-04-16T19:42:17,601.97,New range of formal shirts are designed keeping you in mind. With fits and styling that will make you stand apart
2024-05-14T09:19:51,852.96,The beautiful range of Apple Naturalé that has an exciting mix of natural ingredients. With the Goodness of 100% Natural Ingredients
2023-12-29T16:24:42,702.61,The Nagasaki Lander is the trademarked name of several series of Nagasaki sport bikes
2024-05-05T14:16:11,241.03,Carbonite web goalkeeper gloves are ergonomically designed to give easy fit
2023-12-23T19:04:02,585.44,Andy shoes are designed to keeping in mind durability as well as trends
2023-08-29T04:49:28,139.45,New ABC 13 9370
2024-02-09T17:47:15,285.78,The beautiful range of Apple Naturalé that has an exciting mix of natural ingredients. With the Goodness of 100% Natural Ingredients
2023-12-17T17:59:35,425.68,The automobile layout consists of a front-engine design
2023-11-25T17:53:26,958.87,The Nagasaki Lander is the trademarked name of several series of Nagasaki sport bikes
2024-03-23T05:01:45,179.93,Boston's most advanced compression wear technology increases muscle oxygenation
2024-02-26T06:39:13,985.81,Andy shoes are designed to keeping in mind durability as well as trends
2024-05-15T03:53:21,674.21,Carbonite web goalkeeper gloves are ergonomically designed to give easy fit
2024-06-23T17:53:22,913.41,Boston's most advanced compression wear technology increases muscle oxygenation
2024-08-08T04:59:39,562.37,The slim & simple Maple Gaming Keyboard from Dev Byte comes with a sleek body and 7- Color RGB LED Back-lighting for smart functionality
2024-07-17T18:30:53,670.71,The Apollotech B340 is an affordable wireless mouse with reliable connectivity
2023-08-16T07:34:37,695.97,Andy shoes are designed to keeping in mind durability as well as trends
2024-06-21T01:55:03,531.4,Boston's most advanced compression wear technology increases muscle oxygenation
2024-06-13T23:23:27,23.12,The slim & simple Maple Gaming Keyboard from Dev Byte comes with a sleek body and 7- Color RGB LED Back-lighting for smart functionality
2024-02-18T00:51:50,169.45,Carbonite web goalkeeper gloves are ergonomically designed to give easy fit
2024-05-05T02:19:44,416.18,Andy shoes are designed to keeping in mind durability as well as trends
2023-11-16T19:49:53,24.85,New range of formal shirts are designed keeping you in mind. With fits and styling that will make you stand apart
2023-10-16T19:13:25,360.31,The Football Is Good For Training And Recreational Purposes
2024-01-18T10:28:37,745.91,New range of formal shirts are designed keeping you in mind. With fits and styling that will make you stand apart
2024-03-28T12:19:10,628.28,Boston's most advanced compression wear technology increases muscle oxygenation
2023-08-14T21:31:12,952.45,Andy shoes are designed to keeping in mind durability as well as trends
2024-04-09T16:27:25,639.31,New range of formal shirts are designed keeping you in mind. With fits and styling that will make you stand apart
2024-06-16T09:45:28,455.36,The Nagasaki Lander is the trademarked name of several series of Nagasaki sport bikes
2024-01-29T23:40:33,962.02,Carbonite web goalkeeper gloves are ergonomically designed to give easy fit
2024-01-31T05:47:30,202.83,The beautiful range of Apple Naturalé that has an exciting mix of natural ingredients. With the Goodness of 100% Natural Ingredients
2024-05-24T06:05:38,883.05,New ABC 13 9370
2023-09-02T14:41:39,314.57,The slim & simple Maple Gaming Keyboard from Dev Byte comes with a sleek body and 7- Color RGB LED Back-lighting for smart functionality
2024-03-31T15:09:23,86.48,The Apollotech B340 is an affordable wireless mouse with reliable connectivity
2024-05-23T08:23:19,693.41,The Football Is Good For Training And Recreational Purposes
2024-07-23T20:27:21,648.01,The Apollotech B340 is an affordable wireless mouse with reliable connectivity
2023-11-02T12:33:04,607.82,Ergonomic executive chair upholstered in bonded black leather and PVC padded seat and back for all-day comfort and support
2023-11-27T19:22:58,323.87,The Football Is Good For Training And Recreational Purposes
2024-01-30T02:13:51,515.04,New range of formal shirts are designed keeping you in mind. With fits and styling that will make you stand apart
2024-04-17T18:46:59,298.92,New range of formal shirts are designed keeping you in mind. With fits and styling that will make you stand apart
2024-05-17T23:22:49,611.47,The beautiful range of Apple Naturalé that has an exciting mix of natural ingredients. With the Goodness of 100% Natural Ingredients
2024-07-23T16:47:06,242.41,The Football Is Good For Training And Recreational Purposes
2024-02-24T10:23:05,92.53,Boston's most advanced compression wear technology increases muscle oxygenation
2024-02-09T19:40:37,616.8,Boston's most advanced compression wear technology increases muscle oxygenation
2024-01-30T04:16:36,335.68,Ergonomic executive chair upholstered in bonded black leather and PVC padded seat and back for all-day comfort and support
2024-04-20T18:21:23,28.31,Andy shoes are designed to keeping in mind durability as well as trends
2024-05-18T21:10:25,999.75,Ergonomic executive chair upholstered in bonded black leather and PVC padded seat and back for all-day comfort and support
2024-05-17T01:54:34,65.96,New range of formal shirts are designed keeping you in mind. With fits and styling that will make you stand apart
2024-04-07T09:30:16,685.14,Ergonomic executive chair upholstered in bonded black leather and PVC padded seat and back for all-day comfort and support
2023-11-21T14:25:24,918.92,Carbonite web goalkeeper gloves are ergonomically designed to give easy fit
2024-02-25T15:29:16,211.73,The Football Is Good For Training And Recreational Purposes
2023-08-22T16:27:57,303.53,The Football Is Good For Training And Recreational Purposes
2024-02-03T14:01:39,112.65,Andy shoes are designed to keeping in mind durability as well as trends
2024-03-14T07:05:05,744.48,The slim & simple Maple Gaming Keyboard from Dev Byte comes with a sleek body and 7- Color RGB LED Back-lighting for smart functionality
2024-07-12T23:51:07,218.11,Boston's most advanced compression wear technology increases muscle oxygenation
2024-08-07T14:45:43,780.78,The Nagasaki Lander is the trademarked name of several series of Nagasaki sport bikes
2024-01-15T11:05:31,935.61,The slim & simple Maple Gaming Keyboard from Dev Byte comes with a sleek body and 7- Color RGB LED Back-lighting for smart functionality
2024-06-23T03:56:07,694.08,Boston's most advanced compression wear technology increases muscle oxygenation
2024-04-25T03:03:21,31.62,The Football Is Good For Training And Recreational Purposes
2023-11-18T03:06:34,565.95,The automobile layout consists of a front-engine design
2024-07-19T02:59:53,981.28,Boston's most advanced compression wear technology increases muscle oxygenation
2024-06-17T19:14:37,858.77,New range of formal shirts are designed keeping you in mind. With fits and styling that will make you stand apart
2024-03-09T09:22:15,417.8,New range of formal shirts are designed keeping you in mind. With fits and styling that will make you stand apart
2023-09-19T07:51:07,844.9,The beautiful range of Apple Naturalé that has an exciting mix of natural ingredients. With the Goodness of 100% Natural Ingredients
2023-12-20T09:05:03,294.43,The Football Is Good For Training And Recreational Purposes
2024-05-09T23:11:22,733.06,Ergonomic executive chair upholstered in bonded black leather and PVC padded seat and back for all-day comfort and support
2024-05-05T05:11:44,828.12,Boston's most advanced compression wear technology increases muscle oxygenation
2024-03-25T03:14:33,1.27,Andy shoes are designed to keeping in mind durability as well as trends
2023-12-14T12:24:53,954.87,The beautiful range of Apple Naturalé that has an exciting mix of natural ingredients. With the Goodness of 100% Natural Ingredients
2023-12-02T08:12:03,141.78,Boston's most advanced compression wear technology increases muscle oxygenation
2024-07-24T08:35:10,716.81,The beautiful range of Apple Naturalé that has an exciting mix of natural ingredients. With the Goodness of 100% Natural Ingredients
2024-03-14T03:15:59,303.77,The Nagasaki Lander is the trademarked name of several series of Nagasaki sport bikes
2024-03-17T16:29:30,512.64,Andy shoes are designed to keeping in mind durability as well as trends
2023-12-24T07:57:06,53.61,The beautiful range of Apple Naturalé that has an exciting mix of natural ingredients. With the Goodness of 100% Natural Ingredients
2024-03-19T17:28:29,482.84,The automobile layout consists of a front-engine design
2023-09-30T23:15:10,389.95,The automobile layout consists of a front-engine design
2024-02-03T18:41:04,240.38,New range of formal shirts are designed keeping you in mind. With fits and styling that will make you stand apart
2023-09-06T03:01:47,418.45,The slim & simple Maple Gaming Keyboard from Dev Byte comes with a sleek body and 7- Color RGB LED Back-lighting for smart functionality
2024-02-25T11:02:48,643.38,Boston's most advanced compression wear technology increases muscle oxygenation
2023-08-15T03:47:05,731.09,The automobile layout consists of a front-engine design
2024-07-14T17:31:46,289.65,Carbonite web goalkeeper gloves are ergonomically designed to give easy fit
2024-03-20T06:01:56,965.09,Andy shoes are designed to keeping in mind durability as well as trends
2024-01-10T16:20:18,65.97,Andy shoes are designed to keeping in mind durability as well as trends
2024-04-19T00:22:15,177.05,Boston's most advanced compression wear technology increases muscle oxygenation
2024-06-17T23:11:34,190.35,The Apollotech B340 is an affordable wireless mouse with reliable connectivity
2024-03-20T08:40:13,94.81,The slim & simple Maple Gaming Keyboard from Dev Byte comes with a sleek body and 7- Color RGB LED Back-lighting for smart functionality
2024-07-21T18:25:47,827.61,Andy shoes are designed to keeping in mind durability as well as trends
2024-04-10T06:07:36,302.99,The beautiful range of Apple Naturalé that has an exciting mix of natural ingredients. With the Goodness of 100% Natural Ingredients
2024-02-04T12:46:44,876.33,The Nagasaki Lander is the trademarked name of several series of Nagasaki sport bikes
2023-10-30T00:13:58,819.05,Boston's most advanced compression wear technology increases muscle oxygenation
2023-11-16T22:35:48,446.24,The Nagasaki Lander is the trademarked name of several series of Nagasaki sport bikes
2024-01-28T17:40:04,889.14,The Apollotech B340 is an affordable wireless mouse with reliable connectivity
2023-09-23T22:47:44,689.46,New range of formal shirts are designed keeping you in mind. With fits and styling that will make you stand apart
2024-08-07T07:18:30,585.38,The Football Is Good For Training And Recreational Purposes
2024-03-02T22:48:38,661.75,New range of formal shirts are designed keeping you in mind. With fits and styling that will make you stand apart
2024-02-01T10:52:20,113.44,The Football Is Good For Training And Recreational Purposes
2024-06-30T05:14:14,609.08,The Apollotech B340 is an affordable wireless mouse with reliable connectivity
2023-12-22T01:14:16,955.33,Carbonite web goalkeeper gloves are ergonomically designed to give easy fit
2024-04-21T06:23:25,976.16,The slim & simple Maple Gaming Keyboard from Dev Byte comes with a sleek body and 7- Color RGB LED Back-lighting for smart functionality
2023-10-21T10:06:34,708.56,The slim & simple Maple Gaming Keyboard from Dev Byte comes with a sleek body and 7- Color RGB LED Back-lighting for smart functionality
2024-07-21T14:47:25,730.41,Ergonomic executive chair upholstered in bonded black leather and PVC padded seat and back for all-day comfort and support
2023-10-07T05:08:09,400.79,The Nagasaki Lander is the trademarked name of several series of Nagasaki sport bikes
2023-12-26T22:10:21,409.29,New range of formal shirts are designed keeping you in mind. With fits and styling that will make you stand apart
2023-11-03T09:47:10,603.41,New ABC 13 9370
2024-02-03T02:19:57,245.63,The beautiful range of Apple Naturalé that has an exciting mix of natural ingredients. With the Goodness of 100% Natural Ingredients
2024-03-20T13:50:47,894.91,The beautiful range of Apple Naturalé that has an exciting mix of natural ingredients. With the Goodness of 100% Natural Ingredients
2024-07-26T08:31:41,692.52,New ABC 13 9370
2024-07-21T21:19:57,520.36,Andy shoes are designed to keeping in mind durability as well as trends
2024-03-18T14:43:42,332.82,New ABC 13 9370
2024-01-06T02:16:13,701,The Apollotech B340 is an affordable wireless mouse with reliable connectivity
2023-08-22T15:23:56,50.68,New ABC 13 9370
2024-04-13T06:59:55,521.32,Andy shoes are designed to keeping in mind durability as well as trends
2024-03-23T15:14:13,973.36,New range of formal shirts are designed keeping you in mind. With fits and styling that will make you stand apart
